<?xml version="1.0" encoding="UTF-8"?>
<project-private xmlns="http://www.netbeans.org/ns/project-private/1">
    <editor-bookmarks xmlns="http://www.netbeans.org/ns/editor-bookmarks/2" lastBookmarkId="0"/>
    <open-files xmlns="http://www.netbeans.org/ns/projectui-open-files/2">
        <group>
            <file>file:/D:/wamp64/www/quest/www/js/menu.js</file>
            <file>file:/D:/wamp64/www/quest/www/login_admin.html</file>
            <file>file:/D:/wamp64/www/quest/www/helpdesk_23092020.js</file>
            <file>file:/D:/wamp64/www/quest/www/complaint_status.html</file>
            <file>file:/D:/wamp64/www/quest/www/helpdesk.js</file>
            <file>file:/D:/wamp64/www/quest/www/complaint_details.html</file>
            <file>file:/D:/wamp64/www/quest/www/new_ticket.html</file>
            <file>file:/D:/wamp64/www/quest/www/new_ticket_cust.html</file>
            <file>file:/D:/wamp64/www/quest/www/loginOtp.html</file>
            <file>file:/D:/wamp64/www/quest/www/login_customer.html</file>
            <file>file:/D:/wamp64/www/quest/www/docket_reply.html</file>
            <file>file:/D:/wamp64/www/quest/www/show_ticket.html</file>
            <file>file:/D:/wamp64/www/quest/www/login_retailer.html</file>
            <file>file:/D:/wamp64/www/quest/www/index.html</file>
        </group>
    </open-files>
</project-private>
